{
  "udaipur-1": [
    24.5770592,
    73.6695341
  ],
  "udaipur-4": [
    24.5978,
    73.6832
  ],
  "udaipur-5": [
    24.5785,
    73.6635
  ],
  "udaipur-6": [
    24.5892494,
    73.6827214
  ],
  "udaipur-7": [
    24.5793587,
    73.6801082
  ],
  "udaipur-8": [
    24.590831,
    73.6813459
  ],
  "udaipur-9": [
    24.6075,
    73.6698
  ],
  "udaipur-10": [
    24.5606,
    73.6633
  ],
  "udaipur-11": [
    24.5677,
    73.6746
  ],
  "udaipur-12": [
    24.5807336,
    73.6822393
  ],
  "udaipur-13": [
    24.5731376,
    73.8109847
  ],
  "udaipur-14": [
    24.603,
    73.6727
  ],
  "udaipur-15": [
    24.594,
    73.661
  ],
  "udaipur-16": [
    24.5791,
    73.6685
  ],
  "udaipur-17": [
    24.6003,
    73.6847
  ],
  "udaipur-18": [
    24.5771831,
    73.6725331
  ],
  "udaipur-19": [
    24.6048,
    73.679
  ],
  "udaipur-21": [
    24.5781589,
    73.677216
  ],
  "udaipur-22": [
    24.5754426,
    73.6801244
  ],
  "udaipur-23": [
    24.5604,
    73.6611
  ],
  "udaipur-24": [
    24.5771,
    73.6951
  ],
  "udaipur-25": [
    24.5851,
    73.6935
  ],
  "udaipur-26": [
    24.5869,
    73.6858
  ],
  "udaipur-27": [
    24.5793,
    73.6677
  ],
  "udaipur-28": [
    24.5865,
    73.6913
  ],
  "udaipur-29": [
    24.5883,
    73.6761
  ],
  "udaipur-30": [
    24.5945,
    73.6939
  ],
  "udaipur-31": [
    24.5727,
    73.6684
  ],
  "udaipur-32": [
    24.5643,
    73.6976
  ],
  "udaipur-33": [
    24.58,
    73.6694
  ],
  "udaipur-34": [
    24.582,
    73.7018
  ]
}